"";"titulo";"fecha";"cuerpo";"enlace"
"1";"Vallejo exige a oposición tomarse en serio debate por Gaza: ""Se está cometiendo un genocidio en vivo""";2025-07-22;"Esta martes, la ministra vocera de Gobierno, Camila Vallejo, emplazó duramente a la oposición por las críticas que han manifestado tras la reunión del presidente, Gabriel Boric, con los mandatarios de Brasil, España, Uruguay y Colombia; instancia denominada “Democracia Siempre”.

En concreto, la secretaria de Estado manifestó que no les sorprendía que la oposición criticara las iniciativas del Gobierno.

Asimismo, Vallejo se explayó sobre una declaración que brindó esta mañana respecto a que ciertos sectores de la oposición tienen una “intención direccionada” e “ideológica” de ver “sólo una parte de la realidad”, pero callar sobre los asesinatos en Gaza.

Ministra Vallejo emplaza a la oposición por situación en Gaza

“Los extremismos en el mundo están violando los derechos humanos, están bombardeando, están masacrando personas y esto pasa en países de Europa, en países del occidente, en países del norte como en países del sur. Entonces, tomémonos en serio este debate. Llamamos a la oposición a tomarse en serio este debate“, enfatizó.

Lee también...
Vallejo responde críticas de la oposición: se interesan en Cuba, pero ""callan con asesinatos en Gaza"" Martes 22 Julio, 2025 | 09:39

“La exigencia de alto al fuego del Estado de Israel contra Gaza es porque se está cometiendo un genocidio en vivo y en directo. Esto no es cualquier cosa. Está pasando ahora en este momento. Todos los días”, continuó la ministra.

La secretaria de Estado dijo que todos los días morían civiles, mujeres, niños y personas que llevan ayuda humanitaria a la franja. Por lo tanto, que se criticara condenar el genocidio en Gaza para “sacar un rédito político nos parece del todo irresponsable, y debo decir, con propiedad, un tanto también inhumano”.

En la misma instancia, la ministra planteó que el encuentro internacional “Democracia Siempre” no era para apuntar con el dedo a un presidente o a un país, haciendo alusión a que, desde la oposición, se pide de manera reiterada al oficialismo un pronunciamiento sobre las situaciones en Venezuela y Cuba.

Lee también...
Vallejo descarta que Cataldo se sume a comando de Jara: Boric define la continuidad de sus ministros Martes 22 Julio, 2025 | 10:48

En sus palabras, esta reunión era para debatir los desafíos que tienen las democracias en el contexto actual. “Y por cierto que es una amenaza a la democracia los extremismos”, puntualizó.

“Lo que pasa es que aquí se quiere entrar en un gallito político sobre el nombre de un país, y particularmente sobre dos países, sin querer ver lo que está pasando a nivel mundial. Entonces, hay un sesgo ideológico muy grande en la oposición que sólo repite y repite dos países“, cuestionó.

La autoridad de Gobierno dijo que si se trataba de nombrar sólo dos países, el presidente, Gabriel Boric, ya lo había hecho en varias ocasiones.

“Entonces (la instancia) no se trata de cuántas veces repite la condena a uno u dos países, en particular, porque la derecha lo pide. Se trata de convocar instancias de diálogo para abordar de manera seria y responsable cómo defender y fortalecer nuestras democracias frente a los extremismos. Nada más claro que eso”, cerró.
";"https://www.biobiochile.cl/noticias/nacional/chile/2025/07/22/vallejo-exige-a-oposicion-tomarse-en-serio-debate-por-gaza-se-esta-cometiendo-un-genocidio-en-vivo.shtml"
"2";"Detienen a policía argentino en paso Los Libertadores: llevaba arma y municiones escondidas en su auto";2025-07-22;"Un policía argentino fue detenido en el paso fronterizo Los Libertadores en la comuna de Los Andes, región de Valparaíso, por contrabando y otros delitos ligados a la ley de control de armas.

En concreto, se descubrió que el uniformado trasandino llevaba escondida bajo el asiento del conductor de su vehículo una pistola, su respectivo cargador y municiones.

Detienen a policía argentino en paso Los Libertadores

Tras ello, el hombre pasó a control de detención y posteriormente fue formalización, quedando con la medida cautelar de arraigo nacional.

Lee también...
Desarticulan banda que usaba a extranjeros para trasladar droga desde Bolivia a cerros de Valparaíso Martes 22 Julio, 2025 | 15:40

Se fijó, además, la fecha para un juicio por procedimiento abreviado; situación que se realiza en casos de delitos con penas bajas.

Por ende, la audiencia se programó para el próximo 25 de agosto. Con ello, se decretaron 4 meses de plazo para la investigación.
";"https://www.biobiochile.cl/noticias/nacional/region-de-valparaiso/2025/07/22/detienen-a-policia-argentino-en-paso-los-libertadores-llevaba-arma-y-municiones-escondidas-en-su-auto.shtml"
"3";"Encuentran cuerpo en estero El Sauce de San Antonio: podría corresponder a adulta mayor desaparecida";2025-07-22;"La Fiscalía confirmó la tarde de este martes que se encontró un cadáver en el estero El Sauce de San Antonio, en la región de Valparaíso.

Debido al hallazgo, se solicitó la concurrencia de la Brigada de Homicidios de la Policía de Investigaciones para realizar los peritajes que permitan esclarecer cómo ocurrió el deceso.

Dicha unidad especializada además deberá establecer la identidad y si corresponde a la adulta mayor Matilde Abarca, por quien existe una denuncia por presunta desgracia.

Lee también...
Continúa búsqueda de profesora jubilada en San Antonio: se le perdió el rastro tras salir de Eleam Lunes 21 Julio, 2025 | 08:42

A la profesora jubilada se le perdió el rastro el 15 de julio, cuando salió del Establecimiento de Larga Estadía para Adultos Mayores (Eleam), donde residía en el sector de Llolleo.
";"https://www.biobiochile.cl/noticias/nacional/region-de-valparaiso/2025/07/22/encuentran-cuerpo-en-estero-el-sauce-de-san-antonio.shtml"
"4";"Estudiante de liceo en Punta Arenas intentó agredir con un machete a compañero tras riña";2025-07-22;"Ayer lunes, Carabineros de Punta Arenas activó un operativo policial en las inmediaciones del Liceo María Behety de Menéndez tras una alerta de la Central de Comunicaciones (Cenco) sobre la presencia de jóvenes armados. En el lugar, uno de los alumnos amenazó a otro con un machete.

Diversos dispositivos policiales se desplegaron en el sector, constatando la veracidad de la denuncia. En específico, un grupo tenía armas blancas en su poder. Al percatarse de la presencia policial, estos jóvenes huyeron ingresando a los patios de viviendas aledañas.

Tras una intensa persecución, que movilizó a varias unidades, personal de Carabineros no logró detenciones.

Estudiante intentó agredir con un machete a compañero tras riña en Punta Arenas

Desde el Servicio Local de Educación Pública (SLEP) de Magallanes, se emitió un comunicado oficial que detalla la secuencia de los hechos. Según el SLEP, en la instancia “se produjo una riña entre dos estudiantes al interior del establecimiento, que fue controlada por los profesores”.

Sin embargo, la situación continuó una vez finalizada la jornada escolar y fuera del recinto. El comunicado detalla que “más tarde, una vez terminada la jornada y fuera del liceo, uno de los involucrados amenazó al otro alumno con un machete y luego huyó, por lo que se hizo una denuncia a Carabineros”.

El Liceo María Behety, por su parte, activó de inmediato su protocolo de convivencia escolar. Esto implicó la citación a los apoderados de los estudiantes involucrados y el inicio de un procedimiento investigativo para aplicar las sanciones disciplinarias contempladas en el reglamento interno.

El establecimiento también hizo público un comunicado en el que anuncia que velará por la seguridad de los estudiantes para evitar que hechos como este se repitan.

Según consigna Diario El Pingüino, todo inició cuando un alumno de segundo medio intentó agredir a un estudiante de cuarto medio. La información será entregada a la Fiscalía para la respectiva investigación.
";"https://www.biobiochile.cl/noticias/nacional/region-de-magallanes/2025/07/22/estudiante-de-liceo-en-punta-arenas-intento-agredir-con-un-machete-a-companero-tras-rina.shtml"
"5";"Megatoma de San Antonio: la fecha límite para que Gobierno llegue a acuerdo con dueños de terreno";2025-07-22;"El próximo 27 de agosto es la fecha límite para que el Gobierno llegue a un acuerdo con los dueños del terreno en el Cerro Centinela, en que se ubica la megatoma de San Antonio, región de Valparaíso, donde existe un asentamiento irregular que alberga a cerca de 10 mil personas.

La toma, compuesta por más de 3.500 familias, se encuentra en negociación con Ricardo Posada y Esteban Solari, propietarios del lugar, con asesorías del Ministerio de Vivienda y Urbanismo y el Ministerio de Economía, de manera de encontrar una salida alternativa al desalojo.

Lee también...
Megatoma de San Antonio: el video que revela que dueños ofrecieron predios en 2019 a ocupantes Domingo 20 Abril, 2025 | 06:00

Si bien continúan los avances en materia de negociación, el delegado Presidencial Regional, Yanino Riquelme, confirmó que la Delegación Presidencial de Valparaíso mantiene un plan operativo para ejecutar un eventual desalojo de no llegar a un acuerdo.

https://media.biobiochile.cl/wp-content/uploads/2025/07/cu-dpr-x-megatoma-minvu-yanino.mp3

Por su parte, según detalló la seremi de Vivienda en Valparaíso, Belén Paredes, existe una mesa privada de negociación, donde Gloria Maira, encargada del Minvu en San Antonio, actúa como puente de comunicación entre los residentes y la entidad estatal.

Uno de los principales problemas que enfrentan las negociaciones son los elevados precios del terreno.

En ese contexto, los habitantes han conformado cooperativas de vivienda con asesorías del Minvu y del Ministerio de Economía, explicó la seremi Paredes.

https://media.biobiochile.cl/wp-content/uploads/2025/07/cu-dpr-x-megatoma-minvu-paredes.mp3

Actualmente, la negociación se lleva a cabo bajo un acuerdo de confidencialidad firmado por todas las partes, en una mesa de trabajo privada entre privados, el Estado y dirigentes sociales.
";"https://www.biobiochile.cl/noticias/nacional/region-de-valparaiso/2025/07/22/megatoma-de-san-antonio-la-fecha-limite-para-que-gobierno-llegue-a-acuerdo-con-duenos-de-terreno.shtml"
"6";"Junaeb oficia a Seremi de Salud RM por ""jurel falso"" y anuncia retiro de marcas involucradas de su PAE";2025-07-22;"La Junta Nacional de Auxilio Escolar y Becas (Junaeb) ofició a la Seremi de Salud Metropolitana por los tarros de “jurel falso” detectados en el país. Asimismo, comunicaron que retirarán de forma preventiva las marcas involucradas de su Programa de Alimentación Escolar (PAE), las que son dos de las cuatro apuntadas en la denuncia.

“Junaeb ofició de inmediato a la Seremi de Salud Metropolitana para conocer las acciones que se están realizando ante esta denuncia. Por lo tanto, nos encontramos a la espera de la resolución que adopte y así tomar las medidas pertinentes”, señaló la Junta en una declaración pública.

El organismo aseguró que dicho programa entrega cerca de cuatro millones de raciones de alimentos al día, los que cuentan con su respectiva resolución sanitaria certificada por los organismos competentes.

Junaeb oficia a Seremi de Salud Metropolitana por “jurel falso”

“Actualmente, cerca de 38 marcas de jurel forman parte del programa, y de manera preventiva hemos instruido a las empresas del PAE a generar ajustes en los menús de todos los establecimientos educacionales del país, evitando la entrega de productos pertenecientes a las marcas de jurel en conserva que han sido denunciadas“, aseguró la Junaeb.

Lee también...
De origen chino: denuncian 30 millones de tarros con ""jurel falso"" en Chile y apuntan a cuatro marcas Lunes 21 Julio, 2025 | 16:03

De la misma forma, señalaron que mantendrán “vigilancia de lo definido por la autoridad competente, utilizando todas las herramientas dispuestas para el control y supervisión del programa de alimentación”.

La Junta aseguró también en su mensaje que realizan de manera regular controles de calidad muestrales tanto a las materias primas como a los productos preparados a través de laboratorios acreditados, para verificar su calidad e inocuidad.

Lee también...
Acuerdo único en el país: publican resolución que autoriza a pescadores de Los Lagos operar en Aysén Viernes 18 Julio, 2025 | 23:42

Cabe recordar que las cuatro marcas apuntadas por la Asociación de Pescadores Industriales del Bío Bío como responsables son Coliseo, Acuenta, Barquito y Novamar, las que, según sus antecedentes, estarían comercializando latas de jurel con un producto distinto en su interior.

Se trataría, en realidad, de algunas especies como caballa, sardina española u otros, importados desde China.

Fue en ese sentido que la agrupación presentó una denuncia a la Seremi de Salud Metropolitana, advirtiendo que serían más de 30 millones de tarros los que estarían bajo esta denominación “falsa”.
";"https://www.biobiochile.cl/noticias/nacional/chile/2025/07/22/junaeb-oficia-a-seremi-de-salud-rm-por-jurel-falso-y-anuncia-retiro-de-marcas-involucradas-de-su-pae.shtml"
"7";"Desarticulan banda que usaba a extranjeros para trasladar droga desde Bolivia a cerros de Valparaíso";2025-07-22;"La Policía de Investigaciones desarticuló una organización criminal dedicada al tráfico de drogas en los cerros Placeres y Rodelillo de Valparaíso. La banda usaba a ciudadanos bolivianos, incluido un menor de edad, como “correos humanos” para trasladar la droga en ovoides.

Esta diligencia, cuya investigación comenzó hace más de un año, estuvo a cargo de la Brigada Antinarcóticos y Contra el Crimen Organizado Valparaíso, permitió la detención de nueve personas, cinco de los cuales corresponden a ciudadanos bolivianos que están indocumentados.

La droga provenía de Bolivia y el líder usaba a ciudadanos de ese país para ingresarla a Chile —a través de pasos no habilitados— y posteriormente comercializarla en los cerros Placeres y Rodelillo.

Lee también...
Cae banda que fabricaba éxtasis en farmacia clausurada: venderían droga en RM y Valparaíso Lunes 21 Julio, 2025 | 14:15
Drogas, arma y un auto de lujo incautado

En el operativo, donde se allanaron ocho domicilios en distintos sectores de la comuna puerto, se incautaron 3.451 gramos de marihuana, más de tres mil gramos de cocaína base, 93 gramos de ketamina, 29 comprimidos de clonazepam; además de $2.680.000 pesos en efectivo, seis teléfonos celulares y un vehículo de alta gama.

También se encontró un arma de fuego modificada a semiautomática del tipo pistola de la marca Glock, con cuatro cargadores y 48 municiones 9 milímetros. De acuerdo con lo expuesto por las autoridades, el arma era usada por el líder de la organización delictual.

El fiscal Ignazio Rivera informó que, mediante escuchas telefónicas y otras diligencias, se logró determinar el modo de operar de esta banda, cuyo líder se encargaba de la distribución de cocaína y marihuana. También se estableció que el sujeto andaba constantemente armado y ostentaba un vehículo de lujo.

El persecutor precisó que los 7 kilos de droga incautada se avaluaron en más de 90 millones de pesos.

Control territorial

Por su parte, el jefe de la región policial de Valparaíso, prefecto inspector Guillermo Gálvez, afirmó que esta banda “tenía tomado el sector de la población Héroes del Mar, donde un sujeto ejercía el control territorial”.

Lee también...
Aduanas decomisa 783 kilos de químicos usados para fabricar drogas: contenedor iba al puerto de Callao Sábado 12 Julio, 2025 | 16:46

Según precisó, son cerca de dos toneladas de droga las que se han incautado en la región y en este procedimiento en particular “se saca una cadena de distribución completa, desde el que ingresa la droga, quienes la distribuyen en la región y quien estaba a cargo del control territorial”.

Los imputados fueron puestos a disposición del Juzgado de Garantía de Valparaíso para su control de detención y formalización, donde se establecerán las medidas cautelares en su contra.
";"https://www.biobiochile.cl/noticias/nacional/region-de-valparaiso/2025/07/22/desarticulan-banda-que-usaba-a-extranjeros-para-trasladar-droga-desde-bolivia-a-cerros-de-valparaiso.shtml"
"8";"Con celular y sin usar tarjeta: Rutpay de BancoEstado ahora podrá usarse para pagar el pasaje";2025-07-22;"En marzo, BancoEstado lanzó la Rutpay, aplicación que permite realizar pagos solo con el celular y que, gracias a un convenio con el Ministerio de Transportes y Telecomunicaciones (MTT), podrá ser ocupada para viajar en el transporte público de la región Metropolitana.

Con todo, su uso también estaría disponible en Valparaíso, Concepción y próximamente Punta Arenas y Antofagasta.

Pasajes se podrán pagar con la Rutpay de BancoEstado

Rutpay funciona mediante el escaneo de códigos QR mediante el celular. De esta forma, quienes posean una cuenta pueden pagar en comercios y servicios directamente usando el teléfono y sin necesidad de sacar una tarjeta.

A esta funcionalidad, ahora se añade el acceso a DaleQR!, de Red Movilidad. En este caso, el código se genera en el celular y luego es escaneado por los lectores del sistema.

Lee también...
""Rutpay"": BancoEstado lanza nuevo sistema de pago para clientes con transacción solo usando el celular Martes 18 Marzo, 2025 | 11:29

Según explicó el ministro de Transportes, quienes lo usen podrán acceder al siguiente beneficio: si acumulan $41 mil en pasajes al mes, los viajes del resto del período serán gratuitos.

https://media.biobiochile.cl/wp-content/uploads/2025/07/cuna-med-munoz-1.mp3

Por su lado, el presidente de BancoEstado, Daniel Hojman, resaltó que la Rutpay “también va a estar disponibles para miles de comercios, bencineras, supermercados, y también en todas las CajasVecinas”

Cabe resaltar que uno de los últimos anuncios al respecto fue la alianza con Copec, donde quienes paguen con la app del banco podrán inscribirse directamente en el programa de puntos Full Copec.

https://media.biobiochile.cl/wp-content/uploads/2025/07/cuna-med-hojman-1.mp3

Con la nueva aplicación RutPay de @BancoEstado las personas podrán pagar con QR sus viajes en @Red_Movilidad y acceder a los beneficios del DaleQR. Recuerda que si alcanzas el Monto Máximo Mensual de $41.000, puedes viajar costo cero el resto del mes calendario. pic.twitter.com/cFp7P4Vro6

— Ministerio de Transportes y Telecomunicaciones (@MTTChile) July 22, 2025

En la actualidad, un gran porcentaje de todas las transacciones del transporte público en la capital ya se realizan mediante código QR, con cerca de un millón de usuarios activos mensuales usando la app de BancoEstado. La expectativa es que Rutpay leve significativamente esa cifra.

Así lo indicó la directora de Transporte Público Metropolitano, Paola Tapia.

https://media.biobiochile.cl/wp-content/uploads/2025/07/cuna-med-tapia-1.mp3

El lanzamiento de esta app también va en línea con los esfuerzos por extender el pago digital a buses de regiones como Chillán, Temuco, Valdivia, Quillón, Osorno, Puerto Montt y el Gran Concepción, con miras a una cobertura nacional en los próximos meses.

Lee también...
Anuncian licitación para pago electrónico de locomoción colectiva en cinco comunas del sur de Chile Viernes 05 Julio, 2024 | 09:46
";"https://www.biobiochile.cl/noticias/economia/tu-bolsillo/2025/07/22/con-celular-y-sin-usar-tarjeta-rutpay-de-bancoestado-ahora-podra-usarse-para-pagar-el-pasaje.shtml"
"9";"Jara acusa falta de diálogo en Kast, y este la felicita por no usar ""polera del perro matapacos""";2025-07-22;"Con un intercambio de críticas terminó el diálogo entre candidaturas presidenciales en el Salmón Summit 2025, realizado en Frutillar, región de Los Lagos. En esa dinámica, José Antonio Kast (Partido Republicano) felicitó a Jeannette Jara (Unidad por Chile) por no usar la “polera del perro matapacos”.

Los abanderados, junto a Evelyn Matthei (Chile Vamos), aludieron a puntos cuestionados de su trayectoria, incluyendo periodos como el estallido social, los procesos constitucionales y el actual gobierno. Así, dieron a conocer sus posturas sobre distintos temas, desde salud pública a seguridad.

Jara acusa mentiras desde la oposición

En primer lugar, Jara señaló que durante la instancia coincidieron en varias propuestas, valorando poder conversar “con distintos sectores políticos”.

No obstante, tras ello, apuntó contra el candidato republicano, afirmando que “me entristece que sectores como el que representa José Antonio (Kast) se negaran a todo diálogo que reducía la jornada laboral, (…) al que le aumentaba el sueldo a las personas“.

En esa línea, la militante comunista valoró la reforma previsional aprobada durante su gestión, afirmando que “a partir de enero, 1.400.000 personas de nuestro país van a ver incrementadas sus pensiones”.

Lee también...
Los dardos cruzados entre Jara, Kast y Matthei en primer cara a cara entre candidatos post primarias Martes 22 Julio, 2025 | 14:18

“¿Y quiénes son? Los que más cotizaron, desde 10 años las mujeres y desde 20 años los hombres. Porque lo que algunos dijeron, levantando fake news, que esta era una reforma para los informales o para los flojos, les mintieron. Nunca fue así. Así como tampoco nunca les iban a quitar sus casas ni tampoco iban a desaparecer los toldos azules de un minuto para otro“, apuntó.

Finalmente, Jara repasó los que serían los tres pilares de su gobierno: seguridad pública, salud pública y crecimiento. Remarcando el llamado a levantar el secreto bancario.

Kast a Jara: me alegro que no use “la polera del perro matapacos”

En tanto, Kast cerró su participación afirmando que “Chile no puede seguir a la deriva”, centrando su discurso en el combate contra el crimen organizado y respondiendo a los dichos de Jara por los llamados toldos azules.

“Va a ser difícil enfrentar al crimen organizado, al terrorismo que sí existe en Chile, a la delincuencia; y a ellos no se le enfrenta con amor, se le enfrenta con decisión, con fuerza y señalándole que se van a ir a la cárcel. Así vamos a enfrentar el crimen organizado y va a ser duro”, aseguró.

“Los toldos azules, déjenme decirle, con la fuerza del Estado y la colaboración, en este caso, del alcalde Desbordes, que sí va a tener la fuerza del Estado colaborándole, vamos a terminar con los toldos azules. Y vamos a terminar con el crimen organizado (…). Nosotros no venimos a adaptarnos al sistema, venimos a transformarlo”, agregó.

Lee también...
Cadem: Jara cae 4 puntos, pero mantiene liderato en la carrera presidencial superando a Kast y Matthei Domingo 20 Julio, 2025 | 20:26

Tras ello, dijo que la gente “está cansada de las promesas”, concluyendo su discurso con una alusión directa a la exministra del Trabajo.

“Yo valoro que hoy día la exministra hable de los Carabineros, porque durante el estallido hablaba de los pacos. Entonces, me alegro el cambio. Me alegro que hoy día use una polera blanca y no la polera del perro matapacos. Me alegro, me alegro y la felicito, porque así vamos a construir un país en base al respeto, respetando a nuestros carabineros”, cerró.

La crítica de Matthei a Kast y Jara por procesos constituyentes

Finalmente, Matthei desplazó una crítica a sus dos contendores presentes, señalando: “Ambos candidatos tuvieron a su cargo procesos constitucionales, que nos podrían haber unido, que podrían haber sacado a Chile adelante, y ambos fallaron. Ambos se llevaron la pelota a su casa. Ambos plantearon temas que eran extremos y que fueron finalmente rechazados por la inmensa mayoría de los chilenos. Uno más que otro”.

Tras ello, llamó a buscar “un camino que nos una como chilenos”, subrayando temas como salud y el combate contra el crimen organizado, que —dijo— “ha permeado a la Fuerza Aérea, con el dolor de mi alma, ha permeado Carabineros, ha permeado a fiscales, a jueces, Aduanas”.

Lee también...
Matthei tacha de ""estúpidos"" a quienes intentan ""amedrentarla"" por redes sociales Domingo 20 Julio, 2025 | 13:25

“Si no lo enfrentamos ahora, quiero decirles, que vamos a estar en el punto de no retorno y que finalmente vamos a perder el Chile que conocemos, porque el crimen organizado va a estar en todas partes. (…) Quiero decirles que esa materia la conozco mejor que nadie”, acotó.

“Aquí se requiere experiencia, se requieren buenos equipos, porque gobernar no es solamente hacer planes, es lograr que la gente que tiene experiencia y que sabe cómo mover al estado, que es muy lento de mover, pueda estar absolutamente conectada entre sí (…). Y nuestro país lo vamos a sacar adelante con colaboración y no con confrontación, que es lo que hemos escuchado acá durante toda la mañana“, cerró.
";"https://www.biobiochile.cl/noticias/nacional/chile/2025/07/22/jara-acusa-falta-de-dialogo-en-kast-y-este-la-felicita-por-no-usar-polera-del-perro-matapacos.shtml"
"10";"Quiénes serían los beneficiados y los que tendrían que pagar más si avanza la nueva reforma tributaria";2025-07-22;"El Gobierno ingresó en el Congreso su nuevo proyecto de reforma tributaria con el que, de acuerdo a información entregada por el Ministerio de Hacienda, apuntará a ir en directo beneficio de la clase media y las pequeñas y medianas empresas (Pymes).

Impuestos personales de altos ingresos, reducción de impuestos para las Pymes, beneficios en gastos de arriendo y educación son, en parte, lo que el Ejecutivo buscará que en conjunto avance en la Cámara Baja.

“Este proyecto tiene como propósito apoyar a la clase media focalizándose en tres sectores en particular: las micro y pequeñas empresas; los sectores de ingresos medios que ocupan una parte importante de su presupuesto en arriendos; y los adultos mayores que son propietarios de sus viviendas y que pagan contribuciones”, comentó el jefe de las arcas fiscales, Mario Marcel.

Estimó que serían al menos 1 millón las Pymes que se verían favorecidas, 900.000 contribuyentes de clase media que arriendan y 80.000 adultos mayores.

Pero ¿cómo se compensaría la recaudación? gracias alrededor de 70.000 contribuyentes con rentas mensuales superiores a $8.200.000, que tendrían que tributar más.

El proyecto, indicó Hacienda en un comunicado, contempla un costo fiscal anual cercano a los US$1.000 millones, el que sería compensado con el mencionado ajuste a los impuestos personales de altos ingresos, pero también con cambios al régimen de fondos de inversión y modificaciones al Impuesto a las Herencias y Donaciones.

Clase media

El secretario de Estado comunicó que para proporcionar “mayores certezas y datos” a los contribuyentes respecto de los componentes que se consideran en la determinación del avalúo de un inmueble, se suspenderá el proceso de revalúo hasta 2027.

Lee también...
Marcel anuncia pausa de un año en el reavalúo de propiedades tras críticas por alzas de contribuciones Lunes 21 Julio, 2025 | 16:52

Y la comuna de Lo Barnechea (región Metropolitana) ingresará al grupo de comunas que deben aportar el 65% de lo recaudado por contribuciones al Fondo Común Municipal.

Para los adultos mayores que pertenezcan al 60% más vulnerable, se establece un tope máximo de pago de contribuciones, equivalente al 5% de sus ingresos anuales, incluso si el avalúo de su propiedad supera los límites actuales.

Esa modificación permitiría beneficiar “a unos 75.851 adultos mayores que actualmente no acceden a ningún tipo de beneficios”, dijo Hacienda.

Arriendo y gastos en educación

El proyecto de reforma tributaria que presentó el Gobierno propone que las personas que requieren arrendar una vivienda podrán descontar hasta 8 UTM ($6,6 millones) anuales del impuesto a la renta por pagos de arriendo, el cual equivale aproximadamente a un arriendo mensual de $550.000.

El beneficio es completo “para personas con ingresos anuales de hasta las 90 UTA ($74.138.760), el que va decreciendo proporcionalmente sobre dicho nivel de rentas y no es utilizable por personas con ingresos anuales superiores a 150 UTA ($123.564.600)”.

“Cerca de 900.000 personas verán una disminución de su carga tributaria”, estimó el Ejecutivo.

Respecto a los gastos en educación, la iniciativa buscará simplificar el cálculo del límite del ingreso familiar para acceder a un beneficio (ingresos anuales menores a 792 UF/ $31.069.922), considerando solo al padre o madre que tiene la custodia del menor.

Pymes

Para las Pymes, en tanto, el proyecto quiere eximirlas de ciertos pagos, de la mano de una simplificación tributaria que les permita potenciar la formalización.

En tanto, para fomentar los nuevos emprendimientos, propone que las empresas -cuyos ingresos anuales no superen las 2.400 UF- puedan acceder a un régimen preferencial simplificado.

Asimismo, plantea un “monotributo social” para microemprendimientos de personas naturales que pertenezcan al 80% de registro social de hogares y cuyos ingresos anuales no superen las 310 UF; reducir el límite de ventas de contribuyentes que pueden acogerse al régimen de renta presunta a solo aquellos cuyas ventas no superen las 2.400 UF, entre otros.

Lee también...
Marcel llama a evaluar consecuencias por eliminar tope de indemnizaciones: podría traer ""más despidos"" Viernes 18 Julio, 2025 | 15:52
¿Y cómo se compensarían esos beneficios?

En esta reforma, para compensar lo anterior, se introdujeron ajustes en “tres áreas claves” para el Ejecutivo: el tramo más alto del impuesto personal, la tributación de los fondos de inversión y modificaciones a los gravámenes aplicables a herencias y donaciones.

Sobre los impuestos personales de altos ingresos, la iniciativa quiere modificar los dos tramos superiores del Impuesto Global Complementario, volviendo al esquema que estaba vigente hasta 2014.

Es decir, todas las personas que perciban ingresos mensuales entre 120 y 150 UTA ($8,2 a $10,2 millones mensuales) pasarían de tributar del 35% a 38%; mientras que quienes reciban más de $10,2 millones quedarían afectos a la tasa de 40%.

Actualmente, “se grava con un 40% a quienes ganan más de $20,8 millones mensuales. Esta modificación es acotada a un 0,9% de los contribuyentes y en un número importante de casos el incremento será inferior a los 20 mil pesos mensuales”, afirmó Hacienda en su comunicado.

Otro punto compensatorio serían las exenciones que benefician a las donaciones revocables (donaciones que realiza una persona en vida a sus herederos y que se confirman al momento de fallecer), y las donaciones efectuadas a herederos y partes relacionadas, “así como también, se actualizarán las normas de valoración de activos y se permitirá el pago del impuesto hasta en tres cuotas anuales sin interés”.

Por último, esta reforma incorpora limitaciones a la exención de impuesto de primera categoría (IDPC) que actualmente tienen los fondos de inversión.

En el caso de los fondos de inversión públicos “se mantienen la exención de IPDC a nivel del fondo, sin embargo, cuando el fondo distribuya utilidades a una empresa con residencia o domicilio en Chile, dicha sociedad deberá incorporar en su renta líquida imponible las utilidades percibidas pudiendo acreditar el Impuesto de Primera Categoría que acompañe al dividendo distribuido”.

Para los Fondos de Inversión Privado (FIP) se eliminan las exenciones, salvo aquellos que invierten en capital de riesgo, “retomando el objetivo de fomentar la inversión en sectores estratégicos”.

Lee también...
Gobierno confirma presentación de reforma tributaria para pymes: incluye beneficios para clase media Jueves 17 Julio, 2025 | 18:08
";"https://www.biobiochile.cl/noticias/economia/actualidad-economica/2025/07/22/quienes-serian-los-beneficiados-y-los-que-tendrian-que-pagar-mas-si-avanza-la-nueva-reforma-tributaria.shtml"
"11";"Senadores de Los Ríos critican demora en investigación por fábrica de armas clandestina en Panguipulli";2025-07-22;"Senadores de la región de Los Ríos cuestionaron la tardanza en las investigaciones por la fábrica de armas clandestina que se desbarató en la zona precordillerana de Panguipulli en junio del 2024, diligencias que hasta el momento no tienen detenidos.

Las indagatorias son encabezadas por el Ministerio Público y la Policía de Investigaciones (PDI), las que se originaron tras encontrar al interior de un inmueble de dos pisos diferentes elementos para confeccionar armas de fuego, incluyendo municiones y equipamiento militar.

Lee también...
A más de un año: aún no hay detenidos por fábrica clandestina de armas encontrada en Panguipulli Lunes 21 Julio, 2025 | 10:55

Pese a que el operativo policial se desarrolló hace más de un año, aún no se detienen a los responsables de esta fábrica de armas clandestina que operaba en la zona precordillerana de la región.

Es por ello que los parlamentarios de la zona cuestionaron la lentitud de las investigaciones. Así lo manifestó el senador de la Democracia Cristiana, Iván Flores, resaltando la importancia de capturar a quien o quienes están detrás del inmueble donde se confeccionaban armas de fuego.

https://media.biobiochile.cl/wp-content/uploads/2025/07/cuna-liquine-flores.mp3

Por su parte, la senadora y militante de Renovación Nacional, María José Gatica, dijo que le da la impresión que no se le está tomando la gravedad de los elementos incautados.

https://media.biobiochile.cl/wp-content/uploads/2025/07/cuna-liquine-gatica.mp3

En tanto, el senador socialista Alfonso De Urresti comentó que confía en la investigación que lidera la Fiscalía y la PDI, recalcando que lo importante es ubicar a los responsables de esta fábrica de armas.

https://media.biobiochile.cl/wp-content/uploads/2025/07/cuna-liquine-urresti.mp3

Radio Bío Bío intentó conocer la postura del alcalde de Panguipulli, Rodrigo Valdivia, respecto a las diligencias que aún no tiene detenidos. Sin embargo, desde su equipo de comunicaciones indicaron que el jefe comunal prefiere no involucrarse en estos temas, sin entregar argumentos.
";"https://www.biobiochile.cl/noticias/nacional/region-de-los-rios/2025/07/22/senadores-de-los-rios-critican-demora-en-investigacion-por-fabrica-de-armas-clandestina-en-panguipulli.shtml"
"12";"Polémico show drag frente a menores marca jornada ""no sexista"" en el Instituto Nacional";2025-07-22;"Este lunes, el Instituto Nacional realizó una “Feria no sexista” que desató una ola de críticas por invitar a una drag queen a realizar una performance frente a menores de edad.

La actividad fue promocionada en Instagram por la Secretaría de Género y Disidencias sexuales del colegio, que buscaba ofrecer talleres y stands sobre género, diversidad, derechos humanos y educación no sexista, bajo la consigna de “¡Construyamos una educación más justa!”.

Ver esta publicación en Instagram

Una publicación compartida de Secretaría de Género y Disidencias Sexuales (@segedisex_in)

Bajo ese contexto, la feria estuvo dirigida a estudiantes y funcionarios del Instituto Nacional en busca de generar “instancias de reflexión y aprendizaje en conjunto”.

Sin embargo, según indica Ex-Ante, el video difundido a través de redes sociales encendió las críticas e incluso el malestar de algunos apoderados del Instituto Nacional.

“No me parece la forma”

Asimismo, el alcalde de Santiago, Mario Desbordes, se refirió al asunto y pidió un informe sobre lo ocurrido a la rectora del establecimiento, Carolina Vega.

“Nos llegó el video desde apoderados quejándose por la actividad. Se trata de niños, además. Se nos informa desde el liceo, por parte de la directora, que se trató de una jornada de educación no sexista. Yo comprendo que haya que discutir ese tipo de cosas, pero no me parece la forma”, dijo Desbordes al medio mencionado.

En esa misma línea, el alcalde enfatizó su rechazo con la performance: “No estoy en absoluto de acuerdo con lo que se hizo, con la performance que se hizo en el lugar, menos con niños como público“.

En relación con las posibles medidas, Desbordes indicó que evaluará si la actividad se ajusta al currículo escolar.

“Lo vamos a evaluar. Vamos a ver si se ajusta el currículo, si es correcto o no. A mí, en principio, me parece que no se ajusta para nada, pero yo no puedo aventurar conclusiones. Me parece que fue un error y no estoy para nada de acuerdo con ese tipo de performance en establecimientos educacionales y menos con menores”, sentenció.

La autoridad también expresó preocupación por la edad de los estudiantes presentes, señalando que “al parecer se trata de niños de básica, séptimo y octavo. Entonces es un tema que tenemos que ver ahora urgente, pero desde ya anticipo que me parece que esto no corresponde”.
";"https://www.biobiochile.cl/noticias/nacional/region-metropolitana/2025/07/22/polemico-show-drag-frente-a-menores-marca-jornada-no-sexista-en-el-instituto-nacional.shtml"
"13";"Camioneros de la zona sur se reúnen en La Araucanía con Carabineros para reforzar seguridad en rutas";2025-07-22;"Los camioneros del sur del país se reunieron en la región de La Araucanía con generales de Carabineros, con la finalidad de coordinar acciones que permitan mejorar la seguridad en las rutas.

El presidente de los camioneros centro-sur con jurisdicción entre la región Metropolitana y Magallanes, Freddy Martínez, valoró la reunión de trabajo que sostuvieron con los generales de la institución policial.

“Estuvimos precisando, tanto lugares como situaciones que nos aquejan en términos de seguridad en desplazamiento en ruta, robo a camiones, apedreamiento y también todo lo que es la famosa zona roja, quema de camiones y todas estas situaciones complejas que hemos vivido”, detalló.

Agregando que “si bien es cierto, nuestra institución de los camioneros centro-sur impuso el estado de excepción el año 2022, que ha ayudado mucho a bajar estos indicadores, todavía se hacen presentes grupos terroristas”.

https://media.biobiochile.cl/wp-content/uploads/2025/07/cu-fredy-martinez.mp3
Lee también...
Estudio revela disminución en poder de fuego de orgánicas radicales en la Macrozona Sur Lunes 21 Julio, 2025 | 12:50

La reunión se produce tras los últimos atentados incendiarios que se han registrado en la zona, como el perpetrado por un grupo armado en el relleno sanitario de la ruta Angol Collipulli, que dejó ocho máquinas quemadas.

A esto se suma uno cometido en la Hostería Lejano Oeste en la comuna de Ercilla, donde encapuchados quemaron dos camiones.

En la Zona Carabineros #Araucanía, Generales de @Carabdechile de la Macrozona Sur sostuvieron reunión con agrupaciones de camioneros del sur del país, con el fin de coordinar acciones de seguridad y reforzar el trabajo colaborativo para prevenir delitos en rutas. #OrdenyPatria pic.twitter.com/RskyNlFbJI

— Carabineros Región de La Araucanía (@CarabAraucania) July 21, 2025
";"https://www.biobiochile.cl/noticias/nacional/region-de-la-araucania/2025/07/22/camioneros-de-la-zona-sur-se-reunen-en-la-araucania-con-carabineros-para-reforzar-seguridad-en-rutas.shtml"
"14";"Vodanovic (PS) advierte a la DC: ""El no apoyo a Jeannette Jara, es un apoyo a José Antonio Kast""";2025-07-22;"La presidenta del Partido Socialista, Paulina Vodanovic, advirtió este martes que “el no apoyo a (Jeannette) Jara es un apoyo a (José Antonio) Kast”; en medio de la encrucijada de la Democracia Cristiana, que este sábado definirá si respaldará a la exministra del Trabajo.

En diálogo con Desde La Redacción de La Tercera, la senadora sostuvo que si bien serán “respetuosos” con la decisión que tome dicho partido en su junta nacional, “hay que sincerar también que el no apoyo a esta opción (Jara) finalmente se transforma en un apoyo, aunque sea indirecto, a la candidatura de Kast. Porque uno puede actuar por acción o por omisión”.

En ese sentido, se refirió a la reunión que tuvo con el presidente DC, Alberto Undurraga, quien amenazó con dejar dicho cargo si la tienda decide apoyar a Jara. Sobre ello, sostuvo que le planteó convertirse en “una gran coalición progresista, incorporando al centro político que es la Democracia Cristiana, con su visión, con su historia”.

Lee también...
Aedo y Ortiz no comparten postura de Undurraga de dejar presidencia si la DC resuelve apoyar a Jara Martes 22 Julio, 2025 | 13:15

No obstante, Vodanovic admitió que “hay una resistencia de apoyar a la candidata Jeannette Jara y eso es lo que tendrán que definir en su junta del fin de semana”.

“Puede que no le gusten ciertos temas, en materia económica, que podrán tenerlo sobre la mesa en la discusión programática, pero creo que evidentemente la diferencia con la derecha y principalmente con Kast son muchísima más que las que pudieran tener con Jeannette Jara”, apuntó.
";"https://www.biobiochile.cl/noticias/nacional/chile/2025/07/22/vodanovic-ps-advierte-a-la-dc-el-no-apoyo-a-jeannette-jara-es-un-apoyo-a-jose-antonio-kast.shtml"
"15";"En un robo con balacera termina venta de un celular al interior de una estación de Metro";2025-07-22;"Un robo con balacera se produjo este martes al interior de la estación Bío Bío de la Línea 6 del Metro, esto en el barrio Franklin de Santiago.

Según información preliminar, todo ocurrió en el sector de torniquetes.

Hasta allí llegaron dos personas que se concertaron para realizar una compra-venta de un celular. Sin embargo, quien iba a adquirir el aparato no se mostró satisfecho con el equipo y se retractó.

Esto dio pie a una pelea entre ambos, que llevó a que el vendedor le quitara $800 mil en efectivo al frustrado comprador.

La situación subió de tono hasta el punto en que este último sacó un arma, aparentemente de balines de acero, y realizó disparos que terminaron con la huida del otro sujeto. Este último se llevó el dinero, el teléfono y el arma.

El hecho es investigado por Carabineros, quien detuvo al individuo que realizó los disparos y que sería víctima del ilícito.

Se trata de un ecuatoriano de 21 años, quien no tiene antecedentes policiales y será acusado de infringir la Ley de Armas.
";"https://www.biobiochile.cl/noticias/nacional/region-metropolitana/2025/07/22/en-un-robo-con-balacera-termina-venta-de-un-celular-al-interior-de-una-estacion-de-metro.shtml"
"16";"Aedo y Ortiz no comparten postura de Undurraga de dejar presidencia si la DC resuelve apoyar a Jara";2025-07-22;"Este fin de semana la Democracia Cristiana definirá si entregará o no su apoyo a Jeannette Jara (PC) en la carrera presidencial. Previo a eso, Alberto Undurraga anunció que dejará la presidencia del conglomerado si los militantes resuelven apoyar a la exministra del Trabajo.

Consultado sobre esos dichos, el diputado Eric Aedo, que apoya abiertamente a Jara, dijo no compartir las declaraciones de Undurraga: “Cuando se está en un debate político democrático, uno no puede estar diciendo que si no me gusta una decisión me voy de la directiva del partido. No comparto esas declaraciones”.

Lee también...
Undurraga confirma que dará un ""paso al lado"" como presidente DC si el partido apoya a Jara Lunes 21 Julio, 2025 | 12:02

Además, aseveró que “la DC está llamada a seguir contribuyendo al país, al bien común, y tiene que hacerlo con sus socios históricos. Si la DC quiere caminar hacia la derecha, es bueno que lo diga abiertamente”.

https://media.biobiochile.cl/wp-content/uploads/2025/07/eric-aedo-.mp3

El presidente regional de la DC en Bío Bío, Álvaro Ortiz, tampoco está de acuerdo con las declaraciones del presidente nacional respecto a renunciar, indicando que “no tiene nada que ver una cosa con otra” y que se debe respetar lo que resuelva la Junta Nacional.

Junto con eso, afirmó que se deben revisar las listas parlamentarias para que el partido pueda llevar candidatos competitivos.

https://media.biobiochile.cl/wp-content/uploads/2025/07/alvaro-ortiz-dc-jeannette-jara.mp3
Lee también...
""Tenemos una historia juntos"": Jara invita a la Democracia Cristiana a sumarse a su candidatura Sábado 19 Julio, 2025 | 15:33

La elección parlamentaria para la DC puede ser de vida o muerte. Algunos militantes han dicho que el partido se juega la existencia en caso de no obtener la votación requerida para seguir siendo un partido político.
";"https://www.biobiochile.cl/noticias/nacional/region-del-bio-bio/2025/07/22/aedo-y-ortiz-no-comparten-postura-de-undurraga-de-dejar-presidencia-si-la-dc-resuelve-apoyar-a-jara.shtml"
"17";"Esposa de imputado por crimen de mujer venezolana en Cerro Navia rompe el silencio: ""Fue por salvarme""";2025-07-22;"A más de un mes de mes del trágico incidente que, originado por el alto volumen de la música, terminó con la muerte de una mujer venezolana de 43 años en Cerro Navia, la esposa del imputado —quien fue el autor del disparo con una escopeta— rompió el silencio y entregó una nueva versión del caso.

Los vecinos del sector y la pareja de Miguel Cordero, imputado por el homicidio, compartió su relato sobre aquella noche del Día del Padre: “Fue por salvarme”.

Lee también...
Mujer venezolana murió por disparo a quemarropa tras discusión por volumen de música en Cerro Navia Miércoles 18 Junio, 2025 | 23:01
Música alta y una riña

El hecho ocurrió un domingo en el contexto del Día del Padre, en el sector de Villa Nueva California, cuando Yaidy Gárnica Carvajalino celebró este día con DJ e invitados.

De acuerdo con los antecedentes y las cámaras de seguridad, el alto volumen de la música proveniente de la casa de la mujer desató una discusión entre los vecinos.

Y fue en medio de la pelea, cuando Miguel Cordero apareció con un arma de fuego y efectuó un disparo contra Yaidy Gárnica, quien fue trasladada al Hospital Félix Bulnes, donde posteriormente falleció a causa del impacto.

Múltiples reclamos y una crisis desatada

Según constata CHV, los vecinos reclamaron que el volumen de la música era muy fuerte y que en varias oportunidades intentaron dialogar con la mujer de la fiesta.

A eso de las 20, los residentes reclamaron por el volumen, pero no hubo una solución: “La música era muy fuerte y el chileno el día lunes trabaja. El domingo es sagrado el descanso, pero ellos tenían un escándalo”.

De igual manera, como no hubo una solución hacia ningún vecino que fue a reclamar, llamaron a Carabineros y Paz Ciudadana y ninguna autoridad llegó al lugar.

Incluso, los vecinos explicaron la existencia de “un niño que tiene TEA y que tuvo una crisis terrible” a causa del volumen. “Él estaba con sus manos en los oídos, agachado, y cuando retumbaban los vidrios con la música, apuntaba al cielo y decía como que se iba a morir con el ruido”, complementaron.

La esposa del imputado detalló que se acercó a la vivienda de la familia venezolana y les pidió que bajaran la música porque “hay un niño con crisis”.

“Se detonó toda la situación cuando la mamá de la niña se acerca a pedir ayuda en firmas y hacer algo más formal para poder solucionar esta situación”, dijo la esposa. Incluso, el padre del niño en crisis los confrontó y eso desató la primera agresión en la pelea.

Lee también...
Quién es la mujer asesinada tras violenta pelea por volumen de música en Cerro Navia Jueves 19 Junio, 2025 | 12:04
“Fue por salvarme”

Según relató la esposa de Cordero al medio citado, tras pedirle que bajaran el volumen, ella recibió “una serie de insultos como respuesta”, lo que la llevó a empujar el portón de la vivienda de Yaidy.

En ese entonces, le pegaron con “un combo en el pómulo” y “empieza a arañar y rasguñar las manos”. Posteriormente, “nos tomamos del pelo y caigo al suelo sobre esta persona”.

En medio de eso, los vecinos salieron a defenderla y avisaron a Cordero le estaban pegando a su esposa. Fue en ese momento en el que llegó Miguel con una escopeta al domicilio de Yaidy.

La esposa del imputado enfatizó: “No fue con intención de dispararle, porque yo estaba ahí. Quedé sobre ella, el disparo quedó a muy corta distancia de mi cabeza”.

“Paró el arma, no sé cómo funcionan, pero fue un accidente”. Explicó que a su marido “lo fueron a buscar a la casa para decirle que me tenían adentro y que me estaban pegando. Eso, sumado a toda una sensación de adrenalina, del miedo, provocó este fatal accidente que nos tiene muy acongojados“.

“La música nunca fue el fin del accidente, fue un tren que lo detonó, pero en sí fue por salvarme“, concluyó.

El subinspector Joaquín Sotomayor, de la Brigada de Homicidios Centro Norte, confirmó que el autor del disparo es un “sujeto chileno sin antecedentes policiales” que vivía en el sector hace más de 10 años y “mantenía inscrito a su nombre una escopeta de caza que fue con la cual ocasionó en este caso el disparo”.

A pesar de esto, el abogado representante de la mujer venezolana, Braulio Jatar, insiste en que esto se trató de un crimen de odio.

“Cuando la rabia se impone, perdemos todos, perdió ella, tiene un marido preso, perdieron mis representadas, tienen una madre, sus nietos, una abuela vuelta cenizas, eso no tiene justificación”, comentó.
";"https://www.biobiochile.cl/noticias/nacional/region-metropolitana/2025/07/22/esposa-de-imputado-por-crimen-de-mujer-venezolana-en-cerro-navia-rompe-el-silencio-fue-por-salvarme.shtml"
"18";"TC no acoge a trámite requerimiento de diputados oficialistas contra ley de permisología del gobierno";2025-07-22;"En una sesión ordinaria de Pleno, el Tribunal Constitucional decidió no acoger a trámite un requerimiento de inconstitucionalidad presentado por diputadas y diputados oficialistas dirigido contra artículos específicos de la Ley de Permisos Sectoriales, también conocida como permisología.

La resolución fue adoptada con el voto de los ministros María Pía Silva Gallinato, Miguel Ángel Fernández, Héctor Mery Romero y Marcela Peredo Rojas.

Por su parte, la presidenta de la instancia, la ministra Daniela Marzi Muñoz y sus pares Nacy Yáñez Fuenzalida, Catalina Lagos Tschorne y Alejandra Precht Rorris estuvieron por admitir el requerimiento. Algo que finalmente no ocurrió.

Lee también...
¿Por qué parlamentarios oficialistas buscan impugnar en el TC artículos de proyecto clave de Gobierno? Martes 08 Julio, 2025 | 19:55

El ministro de Economía, Nicolás Grau, calificó la decisión como “una buena noticia para el país”. Esto, pues, “es un proyecto muy importante porque nos va a permitir reducir los tiempos de evaluación sectorial entre un 30% y un 70%”.

Lo anterior, aseguró, “sin afectar el estándar regulatorio ni mucho menos el estándar ambiental que no es tocado por este proyecto (…) daremos una opinión más detallada cuando sepamos los argumentos y el raciocinio que aplicó el Tribunal Constitucional para efectos de esta decisión”.

Recordemos que se trató de un grupo de más de 40 parlamentarios que argumentaban que los artículos impugnados (artículo 7, letra a; 8, 10, 76 y 104) “transgreden garantías constitucionales como el derecho a la salud y al de vivir en un medio ambiente libre de contaminación”.

El documento ingresado al TC identificaba cinco enmiendas específicas dentro de la ley como cuestionables. La impugnación se basa en que estas disposiciones contravendrían garantías constitucionales y tratados internacionales ratificados por Chile, mencionando expresamente el Convenio 169 sobre Consulta Indígena.

⚖️ En sesión ordinaria de Pleno, el Tribunal Constitucional decidió hoy no acoger a tramitación el requerimiento de inconstitucionalidad Rol N• 16.625-25 CPT, de un grupo de H. Diputadas y Diputados, por el proyecto de ley que establece una Ley Marco de Autorizaciones… pic.twitter.com/1qPoQRQY7U

— Tribunal Constitucional de Chile (@tribconst_chile) July 22, 2025

El proyecto de permisología del gobierno

Según información entregada por el mismo gobierno, la normativa busca “reducir sustantivamente los tiempos de tramitación de permisos para proyectos de inversión, sin disminuir los estándares regulatorios”.

En ese sentido, se califica dicha ley como “la más importante en la materia en las últimas dos décadas, moderniza más de 380 permisos que hoy dependen de 37 servicios públicos”.

Permisos Sectoriales: son aquellos permisos no ambientales, necesarios para concretar un proyecto de inversión. Existen más de 380 permisos sectoriales, tramitados por más de 37 servicios del Estado.

Igualmente, con dicha ley se “busca optimizar y reducir entre un 30% y un 70% los tiempos de tramitación de permisos sectoriales, simplificando y modernizando los procesos administrativos”.

Por último, se busca contribuir con el aumento del crecimiento económico, gracias a la activación de proyectos que hoy están detenidos.
";"https://www.biobiochile.cl/noticias/nacional/chile/2025/07/22/tc-no-acoge-a-tramite-requerimiento-de-diputados-oficialistas-contra-ley-de-permisologia-del-gobierno.shtml"
"19";"CNE niega que cargo en cuenta de luz se destine a pagar compensaciones y asegura que evitó alza de 37%";2025-07-22;"Después que Ciper revelara que —desde junio de 2024— las cuentas de luz incluyen un cobro para que los usuarios financien las compensaciones que reciben tras cortes de electricidad; desde la Comisión Nacional de Energía (CNE) negaron dicha situación, precisando el cobro al que alude el medio.

Recordemos que el reportaje indicaba que 21 de las 26 empresas distribuidoras del país aplican dos cargos que suman el 0.52% del valor total de la boleta, los que irían destinados a costear futuras compensaciones.

Lee también...
Clientes financian sus propias compensaciones por cortes de luz: revelan cobro encubierto en boletas Martes 22 Julio, 2025 | 00:03

Esto fue ahora desmentido por la CNE, que mediante un comunicado sostuvo: “Las tarifas eléctricas no incluyen ningún cargo destinado a financiar compensaciones que las empresas distribuidoras deben pagar a los consumidores por incumplimientos en la calidad de servicio. Tampoco existe un fondo destinado a financiar compensaciones futuras que las empresas deben pagar a los consumidores”.

“La información entregada a Ciper corresponde a la estimación de un parámetro técnico utilizado en el diseño de la empresa modelo teórica que sirve de base para determinar las tarifas de distribución. Es incorrecto interpretar que algún criterio técnico utilizado para definir costos eficientes de la empresa modelo tenga vinculación directa con los costos reales de las distribuidoras o con las compensaciones efectivamente pagadas a los usuarios“, aseguran.

CNE asegura que evitó alza en cuentas de luz

Tras ello, la CNE explica que “la metodología para definir las tarifas de distribución fue ampliamente discutida con las empresas distribuidoras en el proceso tarifario 2020-2024 e incluso fue objeto de múltiples discrepancias que fueron resueltas por el Panel de Expertos”.

Lee también...
Cuándo salen los resultados de última postulación al Subsidio Eléctrico ¿Se paga en una cuota o más? Lunes 21 Julio, 2025 | 19:45

En ese sentido, dicen que “la solución técnica adoptada por la Comisión Nacional de Energía (CNE), y ratificada en Panel de Expertos, permitió evitar un alza muy significativa de las tarifas eléctricas promovida por algunas empresas“. Asegurando que “de haber acogido la alternativa planteada por estas empresas, los clientes podrían haber sufrido un alza real de hasta un 37% adicional en sus tarifas de distribución, cifra que, al considerar la inflación acumulada desde 2020, podría haber llegado a cerca de un 80%”.

“En resumen, el criterio técnico adoptado por la CNE evitó que los clientes o consumidores pagaran sobrerentas por aproximadamente US$1.000 millones adicionales a las empresas eléctricas, montos que habrían debido sumarse a las reliquidaciones pendientes por inflación acumulada“, concluyen.
";"https://www.biobiochile.cl/noticias/economia/negocios-y-empresas/2025/07/22/cne-niega-que-cargo-en-cuenta-de-luz-se-destine-a-pagar-compensaciones-y-asegura-que-evito-alza-de-37.shtml"
